,album_artist,album_mood,album_title,allmusic_href,lyrics,lyrics_href,track_genres,track_length,track_moods,track_title,track_url
0,The Beatles,warm,1967-1970,/album/1967-1970-mw0000263501,"Billy Shears

What would you think if I sang out of tune?
Would you stand up and walk out on me?
Lend me your ears and I'll sing you a song
And I'll try not to sing out of key

Oh, I get by with a little help from my friends
Mm, I get high with a little help from my friends
Mm, gonna try with a little help from my friends

What do I do when my love is away?
Does it worry you to be alone?
How do I feel by the end of the day?
Are you sad because you're on your own?

No, I get by with a little help from my friends
Mm, get high with a little help from my friends
Mm, gonna try with a little help from my friends

Do you need anybody?
I need somebody to love
Could it be anybody?
I want somebody to love

Would you believe in a love at first sight?
Yes, I'm certain that it happens all the time
What do you see when you turn out the light?
I can't tell you, but I know it's mine

Oh, I get by with a little help from my friends
Mm, get high with a little help from my friends
Oh, I'm gonna try with a little help from my friends

Do you need anybody?
I just need someone to love
Could it be anybody?
I want somebody to love

Oh, I get by with a little help from my friends
Mm, gonna try with a little help from my friends
Oh, I get high with a little help from my friends
Yes, I get by with a little help from my friends
With a little help from my friends",/lyric/23439/The+Beatles/With+a+Little+Help+from+My+Friends,['Pop/Rock'],2:44,"['amiable/good-natured', 'playful', 'quirky', 'sweet', 'warm', 'whimsical', 'earnest', 'rollicking']",With a Little Help from My Friends,https://www.allmusic.com/song/with-a-little-help-from-my-friends-mt0039448899
1,The Beatles,warm,1967-1970,/album/1967-1970-mw0000263501,"Jojo was a man who thought he was a loner
But he knew it wouldn't last
Jojo left his home in Tucson, Arizona
For some California grass

Get back, get back
Get back to where you once belonged
Get back, get back
Get back to where you once belonged
Get back Jojo, go home

Get back, get back
Back to where you once belonged
Get back, get back
Back to where you once belonged
Get back Jo

Sweet Loretta Martin thought she was a woman
But she was another man
All the girls around her say she's got it coming
But she gets it while she can

Get back, get back
Get back to where you once belonged
Get back, get back
Get back to where you once belonged
Get back Loretta, go home

Get back, get back
Get back to where you once belonged
Get back, get back
Get back to where you once belonged

Get back, get back
Get back to where you once belonged
Get back, get back, get back",/lyric/757846/The+Beatles/Get+Back+%5BAka+No+Pakistanis%5D,['Pop/Rock'],3:12,"['freewheeling', 'humorous', 'irreverent', 'playful', 'rollicking', 'rousing', 'fun', 'warm']",Get Back,https://www.allmusic.com/song/get-back-mt0039448913
2,The Beatles,warm,1967-1970,/album/1967-1970-mw0000263501,"Don't let me down, don't let me down
Don't let me down, don't let me down

Nobody ever loved me like she does
Oh, she does, yeah, she does
And if somebody loved me like she do me
Oh, she do me, yes, she does

Don't let me down, don't let me down
Don't let me down, don't let me down

I'm in love for the first time
Don't you know it's gonna last
It's a love that lasts forever
It's a love that had no past

Don't let me down, don't let me down
Don't let me down, don't let me down

And from the first time that she really done me
Oh, she done me, she done me good
I guess nobody ever really done me
Oh, she done me, she done me good

Don't let me down, don't let me down
Don't let me down",/lyric/757909/The+Beatles/Don%27t+Let+Me+Down+%5BFragment%5D,['Pop/Rock'],3:35,"['passionate', 'searching', 'urgent', 'yearning', 'warm', 'earnest', 'poignant']",Don't Let Me Down,https://www.allmusic.com/song/dont-let-me-down-mt0039448914
3,Van Morrison,warm,Moondance,/album/moondance-mw0000191087,"Half a mile from the county fair
And the rain came pourin' down
Me and Billy standin' there
With a silver half a crown

Hands are full of a fishin' rod
And the tackle on our backs
We just stood there gettin' wet
With our backs against the fence

Oh, the water
Oh, the water
Oh, the water
Hope it don't rain all day

And it stoned me to my soul
Stoned me just like Jelly Roll
And it stoned me
And it stoned me to my soul
Stoned me just like goin' home
And it stoned me

Then the rain let up and the sun came up
And we were gettin' dry
Almost let a pick-up truck nearly pass us by
So we jumped right in and the driver grinned

And he dropped us up the road
Yeah, we looked at the swim and we jumped right in
Not to mention fishing poles

Oh, the water
Oh, the water
Oh, the water
Let it run all over me

And it stoned me to my soul
Stoned me just like Jelly Roll
And it stoned me
And it stoned me to my soul
Stoned me just like goin' home
And it stoned me

On the way back home we sang a song
But our throats were getting dry
Then we saw the man from across the road
With the sunshine in his eyes

Well he lived all alone in his own little home
With a great big gallon jar
There were bottles too, one for me and you
And he said Hey! There you are

Oh, the water
Oh, the water
Oh, the water
Get it myself from the mountain stream

And it stoned me to my soul
Stoned me just like Jelly Roll
And it stoned me
And it stoned me to my soul
Stoned me just like goin' home
And it stoned me

And it stoned me to my soul
Stoned me just like Jelly Roll
And it stoned me
And it stoned me to my soul
Stoned me just like goin' home
And it stoned me",/lyric/101722/Van+Morrison/And+It+Stoned+Me,"['Pop/Rock', 'R&B;']",4:32,"['enigmatic', 'nostalgic', 'warm', 'yearning', 'earnest', 'sensual', 'summery', 'literate']",And It Stoned Me,https://www.allmusic.com/song/and-it-stoned-me-mt0047966627
4,Van Morrison,warm,Moondance,/album/moondance-mw0000191087,"Well, it's a marvelous night for a moondance
With the stars up above in your eyes
A fantabulous night to make romance
'Neath the cover of October skies
And all the leaves on the trees are falling
To the sound of the breezes that blow
And I'm trying to please to the calling
Of your heart-strings that play soft and low
And all the night's magic seems to whisper and hush
And all the soft moonlight seems to shine in your blush 

Can I just have one more moondance with you, my love
Can I just make some more romance with you, my love 

Well, I want to make love to you tonight
I can't wait 'til the morning has come
And I know now the time is just right
And straight into my arms you will run
And when you come my heart will be waiting
To make sure that you're never alone
There and then all my dreams will come true, dear
There and then I will make you my own
And every time I touch you, you just tremble inside
And I know how much you want me that you can't hide 

Can I just have one more moondance with you, my love
Can I just make some more romance with you, my love 

Well, it's a marvelous night for a moondance
With the stars up above in your eyes
A fantabulous night to make romance
'Neath the cover of October skies
And all the leaves on the trees are falling
To the sound of the breezes that blow
And I'm trying to please to the calling
Of your heart-strings that play soft and low
And all the night's magic seems to whisper and hush
And all the soft moonlight seems to shine in your blush 

Can I just have one more moondance with you, my love
Can I just make some more romance with you, my love 

One more moondance with you in the moonlight
On a magic night
La, la, la, la in the moonlight
On a magic night
Can't I just have one more dance with you my love",/lyric/29627107/Van+Morrison/Moondance+%5BTake+22%5D+%5B%23%5D%5BTake%5D,"['Jazz', 'Pop/Rock', 'R&B;', 'Stage & Screen']",4:34,"['laid-back/mellow', 'organic', 'romantic', 'soothing', 'sophisticated', 'warm', 'calm/peaceful', 'gentle']",Moondance,https://www.allmusic.com/song/moondance-mt0047966628
5,Van Morrison,warm,Moondance,/album/moondance-mw0000191087,"When all the dark clouds roll away
And the sun begins to shine
I see my freedom from across the way
And it comes right in on time
Well it shines so bright and it gives so much light
And it comes from the sky above
Make me feel so free make me feel like me
And it lights my life with love

And it seems like (seems like) and it feels like (feels like)
And it seems like (seems like), yes it feels like (feels like)
A brand new day
A brand new day, yeah, yeah

I was lost and double crossed
With my hands behind my back
I was longtime hurt and thrown in the dirt
Shoved out on the railroad track
I've been used, abused and so confused
And I didn't have nowhere to run
But I stood and looked
And my eyes got hooked
On that beautiful morning sun

And it seems like (seems like) and it feels like (feels like)
And it seems like (seems like), yes it feels like (feels like)
A brand new day
A brand new day, yeah, yeah

And the sun shines down all on the ground
Yeah and the grass is oh so green
And my heart is still and I've got the will
And I don't really feel so mean
Here it comes, here it comes
Here it comes right now
And it comes right in on time
Well it eases me and it pleases me
And it satisfies my mind

And it seems like (seems like) yes it feels like (feels like)
And it seems like (seems like), yes it feels like (feels like)
A brand new day
A brand new day, yeah, yeah, brand new day",/lyric/29627121/Van+Morrison/Brand+New+Day+%5BTake+7%5D+%5B%23%5D%5BTake%5D,"['R&B;', 'Pop/Rock']",5:10,"['bright', 'warm', 'organic', 'soothing', 'spiritual', 'amiable/good-natured', 'passionate', 'poignant']",Brand New Day,https://www.allmusic.com/song/brand-new-day-mt0047966634
6,Van Morrison,warm,Moondance,/album/moondance-mw0000191087,"And they'll lay you down low in the easy
And the lips that you kiss will say Christmas.
And the miles that you traveled the distance

So believe no lies, dry your eyes and realize
That surprise
La, la, la, la la, la, la, la, la, la, la, la
And the businessmen will shake hands and talk in numbers
And the princess will wake up from her slumber
Then all the knights will step forth with their arm bands
And ev'ry stranger you meet in the street will make demands
So believe no lies, then dry your eyes and realize
That surprise
La, la, la, la la, la, la, la, la, la, la, la

And we'll send you glad tidings from New York
Open up your eyes so you may see
Ask you not to read between the lines
Hope that you will come in right on time
And they'll talk to you while you're in trances
And you'll visualize not taking any chances
But meet them halfway with love, peace and persuasion
And expect them to rise for the occasion
Don't it gratify when you see it materialize
Right in front of your eyes
That surprise

La, la, la, la la, la, la, la, la, la, la, la

And we'll send you glad tidings from New York
Open up your eyes so you may see
Ask you not to read between the lines
Hope that you will come in right on time
And they'll lay you down low and easy",/lyric/29627117/Van+Morrison/Glad+Tidings+%5BTake+9%5D+%5B%23%5D%5BTake%5D,['Pop/Rock'],3:40,"['warm', 'calm/peaceful', 'elegant', 'passionate', 'sophisticated', 'gentle', 'laid-back/mellow', 'soothing']",Glad Tidings,https://www.allmusic.com/song/glad-tidings-mt0047966636
7,Van Morrison,warm,Still on Top: The Greatest…,/album/still-on-top-the-greatest-hits-mw0000491040,"Well, it's a marvelous night for a moondance
With the stars up above in your eyes
A fantabulous night to make romance
'Neath the cover of October skies
And all the leaves on the trees are falling
To the sound of the breezes that blow
And I'm trying to please to the calling
Of your heart-strings that play soft and low
And all the night's magic seems to whisper and hush
And all the soft moonlight seems to shine in your blush 

Can I just have one more moondance with you, my love
Can I just make some more romance with you, my love 

Well, I want to make love to you tonight
I can't wait 'til the morning has come
And I know now the time is just right
And straight into my arms you will run
And when you come my heart will be waiting
To make sure that you're never alone
There and then all my dreams will come true, dear
There and then I will make you my own
And every time I touch you, you just tremble inside
And I know how much you want me that you can't hide 

Can I just have one more moondance with you, my love
Can I just make some more romance with you, my love 

Well, it's a marvelous night for a moondance
With the stars up above in your eyes
A fantabulous night to make romance
'Neath the cover of October skies
And all the leaves on the trees are falling
To the sound of the breezes that blow
And I'm trying to please to the calling
Of your heart-strings that play soft and low
And all the night's magic seems to whisper and hush
And all the soft moonlight seems to shine in your blush 

Can I just have one more moondance with you, my love
Can I just make some more romance with you, my love 

One more moondance with you in the moonlight
On a magic night
La, la, la, la in the moonlight
On a magic night
Can't I just have one more dance with you my love",/lyric/29627107/Van+Morrison/Moondance+%5BTake+22%5D+%5B%23%5D%5BTake%5D,"['Jazz', 'Pop/Rock', 'R&B;', 'Stage & Screen']",4:32,"['laid-back/mellow', 'organic', 'romantic', 'soothing', 'sophisticated', 'warm', 'calm/peaceful', 'gentle']",Moondance,https://www.allmusic.com/song/moondance-mt0009683358
8,Eric Clapton,warm,MTV Unplugged,/album/mtv-unplugged-mw0000081583,"Hey hey. Hey hey, baby, hey.
Hey hey. Hey hey, baby, hey.
I love you baby,
Sure ain't gonna be your dog.

Hey hey. Hey hey, baby, hey.
Hey hey. Hey hey, baby, hey.
My arms around you baby,
All I can say is hey.

Hey hey. Hey hey, baby, hey.
Hey hey. Hey hey, baby, hey.
I love you baby,
Sure ain't gonna be your dog.

Hey hey. You lost your good thing now.
Hey hey. You lost your good thing now.
You had me fooled,
I found it out somehow.",/lyric/2738912/Eric+Clapton/Hey+Hey,['Pop/Rock'],3:16,"['laid-back/mellow', 'light', 'organic', 'relaxed', 'warm', 'amiable/good-natured', 'cheerful', 'intimate']",Hey Hey,https://www.allmusic.com/song/hey-hey-mt0008323533
9,Eric Clapton,warm,MTV Unplugged,/album/mtv-unplugged-mw0000081583,"I must be invisible
No one knows me.
I have crawled down dead-end streets
On my hands and knees.

I was born with a ragin' thirst,
A hunger to be free,
But I've learned through the years.
Don't encourage me.

[Chorus:]
'cause I'm a lonely stranger here,
Well beyond my day.
And I don't know what's goin' on,
So I'll be on my way.

When I walk, stay behind;
Don't get close to me,
'cause it's sure to end in tears,
So just let me be.

Some will say that I'm no good;
Maybe I agree.
Take a look then walk away.
That's all right with me.

[Chorus]",/lyric/2738914/Eric+Clapton/Lonely+Stranger,['Pop/Rock'],5:27,"['laid-back/mellow', 'light', 'organic', 'relaxed', 'warm', 'amiable/good-natured', 'cheerful', 'intimate']",Lonely Stranger,https://www.allmusic.com/song/lonely-stranger-mt0003135700
10,Eric Clapton,warm,MTV Unplugged,/album/mtv-unplugged-mw0000081583,"Once I lived the life of a millionaire,
Spent all my money, I just did not care.
Took all my friends out for a good time,
Bought bootleg liquor, champagne and wine.

Then I began to fall so low,
Lost all my good friends, I did not have nowhere to go.
I get my hands on a dollar again,
I'm gonna hang on to it till that eagle grins.

'Cause no, no, nobody knows you
When you're down and out.
In your pocket, not one penny,
And as for friends, you don't have any.

When you finally get back up on your feet again,
Everybody wants to be your old long-lost friend.
Said it's mighty strange, without a doubt,
Nobody knows you when you're down and out.

When you finally get back upon your feet again,
Everybody wants to be your good old long-lost friend.
Said it's mighty strange,
Nobody knows you,
Nobody knows you,
Nobody knows you when you're down and out.",/lyric/2738915/Eric+Clapton/Nobody+Knows+You+When+You%27re+Down+and+Out,['Pop/Rock'],3:49,"['laid-back/mellow', 'light', 'organic', 'relaxed', 'warm', 'amiable/good-natured', 'cheerful', 'intimate']",Nobody Knows You When You're Down and Out,https://www.allmusic.com/song/nobody-knows-you-when-youre-down-and-out-mt0003017373
11,Eric Clapton,warm,MTV Unplugged,/album/mtv-unplugged-mw0000081583,"Woke up this morning, feel 'round for my shoes,
You know 'bout that babe, had them old walkin' blues.
Woke up this morning, I feel 'round for my shoes,
You know 'bout that babe, Lord, I had them old walkin' blues.

Leavin' this morning, I had to go ride the blinds.
I've been mistreated, don't mind dying.
This morning, I had to go ride the blinds,
I've been mistreated, Lord, I don't mind dying.

People tell me walkin' blues ain't bad;
Worst old feeling I most ever had.
People tell me the old walkin' blues ain't bad.
Well it's the worst old feeling, Lord, I most ever had.",/lyric/2738918/Eric+Clapton/Walkin%27+Blues,['Pop/Rock'],3:37,"['laid-back/mellow', 'light', 'organic', 'relaxed', 'warm', 'amiable/good-natured', 'intimate', 'soothing']",Walkin' Blues,https://www.allmusic.com/song/walkin-blues-mt0000469988
12,Eric Clapton,warm,MTV Unplugged,/album/mtv-unplugged-mw0000081583,"Alberta, Alberta,
Where you been so long?
Alberta, Alberta,
Where you been so long?
Ain't had no loving
Since you've been gone.

Alberta, Alberta,
Where'd you stay last night?
Alberta, Alberta
Where'd you stay last night?
Come home this morning,
Clothes don't fit you right

Alberta, Alberta,
Girl, you're on my mind.
Alberta, Alberta,
Girl, you're on my mind.
Ain't had no loving
Such a great long time.

Alberta, Alberta,
Where you been so long?
Alberta, Alberta,
Where you been so long?
Ain't had no loving
Since you've been gone.",/lyric/2738919/Eric+Clapton/Alberta,"['Pop/Rock', 'International']",3:42,"['laid-back/mellow', 'light', 'organic', 'relaxed', 'warm', 'amiable/good-natured', 'intimate', 'soothing']",Alberta,https://www.allmusic.com/song/alberta-mt0000822776
13,Eric Clapton,warm,MTV Unplugged,/album/mtv-unplugged-mw0000081583,"I got the blues from my baby left me by the San Francisco Bay,
The ocean liner's gone so far away.
Didn't mean to treat her so bad, she was the best girl I ever have had,
She said goodbye, I can take a cry, I want to lay down and die.

I ain't got a nickel and I ain't got a lousy dime.
She don't come back, think I'm going to lose my mind.
If she ever gets back to stay, it's going to be another brand new day,
Walking with my baby down by the San Francisco Bay.

Sitting down looking from my back door, wondering which way to go,
The woman I'm so crazy about, she don't love me no more.
Think I'll catch me a freight train, 'cause I'm feeling blue,
And ride all the way to the end of the line, thinking only of you.

Meanwhile, in another city, just about to go insane,
Thought I heard my baby, Lord, the way she used to call my name.
If I ever get her back to stay, it's going to be another brand new day,
Walking with my baby down by the San Francisco Bay.

Walking with my baby down by the San Francisco Bay.
Walking with my baby down by the San Francisco Bay.",/lyric/2738920/Eric+Clapton/San+Francisco+Bay+Blues,['Pop/Rock'],3:23,"['carefree', 'fun', 'laid-back/mellow', 'light', 'organic', 'playful', 'relaxed', 'warm']",San Francisco Bay Blues,https://www.allmusic.com/song/san-francisco-bay-blues-mt0000573189
14,Eric Clapton,warm,MTV Unplugged,/album/mtv-unplugged-mw0000081583,"I keep drinking malted milk,
Trying to drive my blues away.
I keep drinking malted milk,
Trying to drive my blues away.
Baby, you're just as welcome to my loving
As the flowers is in May.

Malted milk, malted milk,
Keep rushing to my head.
Malted milk, malted milk,
Keep rushing to my head.
And I have a funny, funny feeling
And I'm talking all out my head.

Baby, fix me one more drink
And hug your daddy one more time.
Baby, fix me one more drink
And hug your daddy one more time.
Keep on stirring my malted milk, mama,
Until I change my mind.

My doorknob keeps on turning,
There must be spooks around my bed.
My doorknob keeps on turning,
There must be spooks around my bed.
And I have a funny, funny feeling
And the hair's rising on my head.",/lyric/2738921/Eric+Clapton/Malted+Milk,['Pop/Rock'],3:36,"['laid-back/mellow', 'lazy', 'light', 'organic', 'reflective', 'relaxed', 'warm', 'amiable/good-natured']",Malted Milk,https://www.allmusic.com/song/malted-milk-mt0000366214
15,Eric Clapton,warm,MTV Unplugged,/album/mtv-unplugged-mw0000081583,"Well, I woke up this morning, my biscuit rolling on.

Well now, come here baby, sit down on daddy's knee.
Well now, come here baby, sit down on daddy's knee.
I want to tell you about the way they treated me.

Well, I rolled and I tumbled, cried the whole night long.
Well, I rolled and I tumbled, cried the whole night long.
When I woke up this morning, all I had was gone.",/lyric/2738923/Eric+Clapton/Rollin%27+and+Tumblin%27,['Pop/Rock'],4:12,"['fun', 'light', 'organic', 'relaxed', 'rollicking', 'warm', 'amiable/good-natured', 'cheerful']",Rollin' and Tumblin',https://www.allmusic.com/song/rollin-and-tumblin-mt0009276977
16,The Beach Boys,warm,Sunflower,/album/sunflower-mw0000310518,"I'm thinking about a-this whole world
Late at night I think about the love of this whole world
Lots of different people everywhere
And when I go anywhere I see love I see love I see love

When girls get mad at boys and go
Many times they're just putting on a show
But when they leave you wait alone

You are there like everywhere like everyone you see
Happy cause your living and your free

Now here comes another day for your love
(I'm thinking about a-this whole world)
(A-this whole world)
Love

Woo oo oo oo ooo ooo oo oo
(Woo oo oo oo ooo ooo oo oo)

Aummmmm wooo wooooo bop didit

Late at night I think about the love of this whole world
(This whole world)
Oomm dot dit it
Oomm dot dit it
Oomm dot dit it",/lyric/905280/The+Beach+Boys/This+Whole+World,['Pop/Rock'],1:58,"['happy', 'plaintive', 'poignant', 'earnest', 'joyous', 'sweet', 'warm', 'amiable/good-natured']",This Whole World,https://www.allmusic.com/song/this-whole-world-mt0045331739
17,The Beach Boys,warm,Sunflower,/album/sunflower-mw0000310518,"If every word I said
Could make you laugh
I'd talk forever (together my love)
I ask the sky just what we had
Mmm It shone forever (together my love my my my my my my my my my my my
my my)
If the song I sing to you
Could fill your heart with joy
I'd sing forever (together my love my my my my)
Forever
Forever
I've been so happy loving you

Do do do do do do do do do together my love

Let the love I have for you
Live in your heart
And beat forever (together my love)
Forever
Forever
I've been so happy loving you

Baby just let me sing it my baby
I want to be singin' my baby
Baby baby baby my baby
I want to be singin'
I want to be singin' my baby
Oh oh oh oh
My my my my my my

So I'm goin' away
Mmm but not forever
Na na na na
I gotta love you anyway

Forever",/lyric/905282/The+Beach+Boys/Forever,['Pop/Rock'],2:42,"['gentle', 'poignant', 'romantic', 'springlike', 'warm', 'calm/peaceful', 'delicate', 'earnest']",Forever,https://www.allmusic.com/song/forever-mt0045331746
18,Phil Collins,warm,Face Value,/album/face-value-mw0000189462,"The roof is leaking and the wind is howling
Kids are crying 'cause the sheets are so cold
Woke this morning found my hands were frozen
I've tried to fix the fire, but you know the damn thing's too old 

It's been months now, since we heard from our Mary,
I wonder if she ever made the coast
Well, she and her young man, they both moved out there
I sure hope they write, just to let us know 

And me, I'm getting stronger by the minute
My wife's expecting, but I hope she can wait
'Cause this winter looks like it's gonna be another bad one
But spring'll soon be here,
Oh God I hope it's not late

Ma and pa lived here, and theirs before them
They tried their hardest to make it a home
Seems so long now since they passed over
Hope my children'll try to make it their own

The roof is leaking and the wind is howling
The kinds are crying, 'cause the sheets are so cold
Woke this morning found my hands were frozen
Oh, I've tried to fix the fire, but you know the damn thing's too old 

But me oh, I'm getting stronger by the minute
My wife's expecting, but I hope she can wait
'Cause this winter looks like it's gonna be another bad one
But spring'll soon be here,
Oh, God I hope it's not late",/lyric/30908490/Phil+Collins/The+Roof+Is+Leaking+%28Nicka%E2%80%99s+Stella+Polaris+Interpretation%29,['Pop/Rock'],3:18,"['earnest', 'intimate', 'nocturnal', 'refined', 'sensual', 'smooth', 'soothing', 'warm']",The Roof Is Leaking,https://www.allmusic.com/song/the-roof-is-leaking-mt0012481888
19,Phil Collins,warm,Face Value,/album/face-value-mw0000189462,"Just as I thought I'd make it
You walk back into my life
Just like you never left 

Just as I'd learned to be lonely
You call up to tell me
You're not sure if you're ready
Oh, but ready or not, you'll take what you've got and leave 

Oh, leave me alone with my heart
I'm putting the pieces back together again
Just leave, leave me alone with my dreams
I can do without you, know what I mean

I wish I could write a love song
To show you the way I feel
Seems you don't like to listen
Oh but like it or not, take what you've got and you leave 

Oh, leave me alone with my heart
It's broken in two and I'm not, I'm not thinking too straight
Just leave, oh, leave me alone with my dreams
You've taken everything else, you know what I mean",/lyric/2016231/Phil+Collins/You+Know+What+I+Mean,['Pop/Rock'],2:33,"['earnest', 'intimate', 'nocturnal', 'refined', 'sensual', 'smooth', 'warm', 'atmospheric']",You Know What I Mean,https://www.allmusic.com/song/you-know-what-i-mean-mt0012499568
20,Phil Collins,warm,Face Value,/album/face-value-mw0000189462,"Yeah
Aww
I never ever thought I'd ever get tired of playing games
Ooh, but I've been holding back for too long
Now the time has come I'm gonna get it right
Now's the time to show them all that they're wrong 

Oh oh 'cause they said thunder and they said lightning
It would never strike twice
Oh but if that's true, then why can't you tell me
How come this feels so nice, oh it feels alright 
Feels alright, alright

I never ever did believe in guiding lights
'Cause what you didn't hold, slipped away
Oh but there's a feeling deep down in my shoes
'Cause things look like they're going my way 

Ah ha, 'cause they say thunder and they say lightning
It would never strike twice
Oh but if that's true, then why can't you tell me
How come this feels so nice, so nice, it feels alright 

Yeah
Oh
I never ever did believe in a second chance
You get, just one crack of the whip, that's all
If you played the game, you got treated right
Oh, but I'm not playing the game, no more

Ah ho, and they say thunder and they say lightning
It would never strike twice
Oh, but if that's true, then why can't you tell me
How come this feels so nice
Ah ho, and they say thunder and they say lightning
It would never strike twice
Oh, but if that's true, then why can't you tell me
How come this feels so nice
So nice
When they say thunder, they say lightning
It would never strike twice",/lyric/2016232/Phil+Collins/Thunder+and+Lightning,['Pop/Rock'],4:13,"['earnest', 'intimate', 'nocturnal', 'refined', 'sensual', 'smooth', 'soothing', 'warm']",Thunder and Lightning,https://www.allmusic.com/song/thunder-and-lightning-mt0012480318
21,Phil Collins,warm,Face Value,/album/face-value-mw0000189462,"If you feel it do it,
You don't need a reason
For all you know it could be good for you 

To show your feelings (oh)
Ooh, don't just leave them
Do the things you believe in, it's alright
Don't worry turn around (don't worry turn around), I will still be here 

I'm not moving (I'm not going anywhere), don't worry
Are you just trying and push me out (just trying)
No, I'm not moving (I'm not going anywhere)
No, I'm not going anywhere tonight

If you think it, say it (oh)
No-one can stop you
Don't keep quiet, just 'cause you think you ought to
Feel free to shout it loud, speak your mind, spit it out 

Oh, I'm not moving (I'm not going anywhere), don't worry
Are you just trying and push me out (just trying)
No, I'm not moving (I'm not going anywhere), don't worry
Ah, there's no hurry, I just sit it out
So don't worry turn around, I will still be here

If it hurts don't do it (oh)
'Cause no-one can take you make you drink
And no-one can tell you what you think
Remember if your spirit starts to sink
Don't you worry turn around, I will still be here",/lyric/2016233/Phil+Collins/I%27m+Not+Moving,['Pop/Rock'],2:35,"['earnest', 'intimate', 'nocturnal', 'refined', 'sensual', 'smooth', 'soothing', 'warm']",I'm Not Moving,https://www.allmusic.com/song/im-not-moving-mt0028648075
22,Phil Collins,warm,Face Value,/album/face-value-mw0000189462,"Turn off your mind, relax and float downstream
It is not dying, it is not dying
Lay down all thoughts, surrender to the void
It is shining, oh it is shining
That you may see the meaning of within
It is beginning, oh it is beginning?

That love is all and love is everyone
It is knowing, oh it is knowing
And ignorance and hate may mourn the dead
It is believing, oh it is believing
So play the game, existence to the end
Of the beginning, of the beginning

Of the beginning, of the beginning
Of the beginning, of the beginning
Of the beginning, of the beginning
Of the beginning, of the beginning
Of the beginning, of the beginning
Of the beginning, of the beginning
Of the beginning
Somewhere over the rainbow
Way up high
There's a land that dreamed of once in a lullaby
Okay",/lyric/32190315/Phil+Collins/Tomorrow+Never+Knows,['Pop/Rock'],4:47,"['earnest', 'intimate', 'nocturnal', 'refined', 'sensual', 'smooth', 'soothing', 'warm']",Tomorrow Never Knows,https://www.allmusic.com/song/tomorrow-never-knows-mt0031446556
23,Phil Collins,warm,The Singles,/album/the-singles-mw0002965123,"One more night, one more night
I've been trying ooh so long to let you know
Let you know how I feel
And if I stumble if I fall, just help me back
So I can make you see

Please give me one more night, give me one more night
One more night cos I can't wait forever
Give me just one more night, oh just one more night
Oh one more night cos I can't wait forever

I've been sitting here so long
Wasting time, just staring at the phone
And I was wondering should I call you
Then I thought maybe you're not alone

Please give me one more night, give me just one more night
Oh one more night, cos I can't wait forever
Please give me one more night, ooh just one more night
Oh one more night, cos I can't wait forever
Give me one more night, give me just one more night
Ooh one more night, cos I can't wait forever

Like a river to the sea
I will always be with you
And if you sail away
I will follow you

Give me one more night, give me just one more night
Oh one more night, cos I can't wait forever
I know there'll never be a time you'll ever feel the same
And I know it's only words
But if you change your mind you know that I'll be here
And maybe we both can learn

Give me just one more night, give me just one more night
Ooh one more night, cos I can't wait forever
Give me just one more night, give me just one more night
Ooh one more night, cos I can't wait forever
",/lyric/584438/Phil+Collins/One+More+Night+%5B12%22+Mix%5D,['Pop/Rock'],4:48,"['laid-back/mellow', 'melancholy', 'searching', 'sweet', 'warm', 'wistful', 'bittersweet', 'reflective']",One More Night,https://www.allmusic.com/song/one-more-night-mt0053443012
24,Phil Collins,warm,The Singles,/album/the-singles-mw0002965123,"Come stop your crying
It will be alright
Just take my hand
And hold it tight

I will protect you
From all around you
I will be here
Don't you cry

For one so small,
You seem so strong
My arms will hold you,
Keep you safe and warm
This bond between us
Can't be broken
I will be here
Don't you cry

'Cause you'll be in my heart
Yes, you'll be in my heart
From this day on
Now and forever more
You'll be in my heart
No matter what they say
You'll be here in my heart
Always

Why can't they understand the way we feel
They just don't trust what they can't explain
I know we're different, but deep inside us
We're not that different at all

And you'll be in my heart
Yes you'll be in my heart
From this day on
Now and forever more

Don't listen to them
'Cause what do they know
We need each other, to have, to hold
They'll see in time, I know

When destiny calls you, you must be strong
I may not be with you
But you got to hold on
They'll see in time, I know
We'll show them together

'Cause you'll be in my heart
Believe me you'll be in my heart
I'll be there from this day on
Now and forever more

You'll be in my heart
No matter what they say
You'll be here in my heart
Always

Always I'll be with you
I'll be there for you always
Always and always

Just look over your shoulder
Just look over your shoulder
Just look over your shoulder
I'll be there
Always",/lyric/18628832/Phil+Collins/You%27ll+Be+in+My+Heart+%5BSingle+Version%5D+%5BFrom+Tarzan%5D+%5BVersion%5D,"['Stage & Screen', 'Pop/Rock']",4:17,"['bittersweet', 'melancholy', 'plaintive', 'smooth', 'soft/quiet', 'sparkling', 'sweet', 'warm']",You'll Be in My Heart,https://www.allmusic.com/song/youll-be-in-my-heart-mt0053443019
25,The Beach Boys,warm,Pet Sounds,/album/pet-sounds-mw0000398074,"Wouldn't it be nice if we were older
Then we wouldn't have to wait so long?
And wouldn't it be nice to live together
In the kind of world where we belong?

You know it's gonna make it that much better
When we can say goodnight and stay together

Wouldn't it be nice if we could wake up
In the morning when the day is new?
And after having spent the day together
Hold each other close the whole night through?

Happy times together we've been spending
I wish that every kiss was never ending
Oh, wouldn't it be nice?

Maybe if we think and wish and hope and pray
It might come true (run run ooo)
Baby, then there wouldn't be a single thing we couldn't do
We could be married (we could be married)
And then we'd be happy (and then we'd be happy)
Oh, wouldn't it be nice?

You know it seems the more we talk about it
It only makes it worse to live without it
But let's talk about it
Oh, wouldn't it be nice?

Good night, oh baby
Sleep tight, oh baby
Good night, oh baby
Sleep tight, oh baby",/lyric/382379/The+Beach+Boys/Wouldn%27t+It+Be+Nice,['Pop/Rock'],,"['joyous', 'springlike', 'warm', 'amiable/good-natured', 'bright', 'cheerful', 'confident', 'delicate']",Wouldn't It Be Nice,https://www.allmusic.com/song/wouldnt-it-be-nice-mt0006853004
26,The Beach Boys,warm,All Summer Long,/album/all-summer-long-mw0000319105,"Sittin' in my car outside your house
(Sittin' in my car outside your house)
'Member when you spilled coke all over you blouse

T-shirts, cut-offs, and a pair of thongs
(T-shirts, cut-offs, and a pair of thongs)
We've been having fun all summer long

(All summer long you've been with me)
I can't see enough of you
(All summer long we've both been free)
Won't be long til summer time is through
(Summer time is through)
Not for us now

Miniature golf and Hondas in the hills
(Miniature golf and Hondas in the hills)
When we rode the horse we got some thrills
Every now and then we hear our song
(Every now and then we hear our song)
We've been having fun all summer long

Won't be long til summer time is through
(Summer time is through)
Not for us now
(Every now and then we hear our song)
(Every now and then we hear our song)
We've been having fun all summer long
(We've been having fun all summer long)
(We've been having fun all summer long)
(We've been having fun all summer long)
(We've been having fun all summer long)
(We've been having fun all summer long)",/lyric/888882/The+Beach+Boys/All+Summer+Long,['Pop/Rock'],2:08,"['amiable/good-natured', 'cheerful', 'light', 'summery', 'warm', 'carefree', 'fun', 'happy']",All Summer Long,https://www.allmusic.com/song/all-summer-long-mt0045331667
27,The Beach Boys,warm,All Summer Long,/album/all-summer-long-mw0000319105,"Oo ooo ooo ooo ooo ooo ooo
Ah ah ah ah
Oo ooo ooo ooo ooo ooo ooo
Ah ah ah ah
Oo ooo ooo ooo ooo ooo ooo
Ah ah ah ah

Hush hush
Hushabye
Hushabye
Hushabye
Oh my darlin' don't you cry
Guardian angels up above
Take care of the one I love

Oo ooo ooo ooo ooo ooo ooo
Ah ah ah ah

Hush hush
Hushabye

Oo ooo ooo ooo ooo ooo ooo
Ah ah ah ah

Hush hush
Hushabye

Oooo oooo oooo oooo

Lullabye and goodnight
In your dreams I hold you tight
Lullabye and goodnight
Til the dawn's early light

Pillows lying on your bed
Oh my darling rest your head
Sandman will be coming soon
Singing you a slumber tune

Oo ooo oooo oooo ooo ooo ooo
Hush
Hush
Hushabye
Oo ooo oooo oooo ooo ooo ooo
Hush
Hush
Hushabye
Oo ooo oooo oooo ooo ooo ooo

Oo ooo oooo oooo ooo ooo ooo
Ah ah ah ah",/lyric/612817/The+Beach+Boys/Hushabye,['Pop/Rock'],2:41,"['innocent', 'intimate', 'refined', 'soft/quiet', 'warm', 'gentle', 'reserved', 'reflective']",Hushabye,https://www.allmusic.com/song/hushabye-mt0045331668
28,The Beach Boys,warm,All Summer Long,/album/all-summer-long-mw0000319105,"Ah ah ah ah oo ooo ooo oo ahh
The girls on the beach

On the beach you'll find them there
In the sun and salty air
The girls on the beach
Are all within reach
If you know what to do

How we love to lie around
Girls with tans of golden brown
The girls on the beach
Are all within reach
And one waits there for you
(Girls on the beach)

The sun in her hair
The warmth of the air
On a summer day

As the sun dips out of sight
Couples on the beach at night
The girls on the beach
Are all within reach
And with the boys tonight
(Girls on the beach)

Girls on the beach, girls on the beach
Girls on the beach, girls on the beach",/lyric/612815/The+Beach+Boys/Girls+on+the+Beach,['Pop/Rock'],2:28,"['dramatic', 'soft/quiet', 'yearning', 'gentle', 'romantic', 'innocent', 'reserved', 'warm']",Girls on the Beach,https://www.allmusic.com/song/girls-on-the-beach-mt0045331674
29,Melody Gardot,warm,My One and Only Thrill,/album/my-one-and-only-thrill-mw0000811208,"My soul is wearying
My soul is wearying
My soul is wearying
I said my soul is wearying

My soul is wearying
Beating down from all of my misery yeh
Oh Lord who will comfort me?

Gotta hold of my heart
Keeps me bound where the whole wide world is free yeah
Oh Lord who will comfort me?

My home is a wreckage a family ground
Impli-ed in poverty yeah
Oh Lord who will comfort me",/lyric/16857756/Melody+Gardot/Who+Will+Comfort+Me,"['Jazz', 'Vocal']",4:57,"['bittersweet', 'melancholy', 'sentimental', 'intimate', 'plaintive', 'romantic', 'warm', 'poignant']",Who Will Comfort Me,https://www.allmusic.com/song/who-will-comfort-me-mt0010044499
30,Melody Gardot,warm,My One and Only Thrill,/album/my-one-and-only-thrill-mw0000811208,"Your eyes may be whole
But the story I'm told
Is that your heart is as black as night

Your lips may be sweet
Such that I can't compete
But your heart is as black as night

I don't know why you came along
At such a perfect time
But if I let you hang around
I'm bound to lose my mind
'Cause your hands may be strong
But the feeling's all wrong
Your heart is as black as night

I don't know why you came along
At such a perfect time
But if I let you hang around
I'm bound to lose my mind
Cause your hands may be strong
But the feeling's all wrong
Your heart is as black 

Your heart is as black
Oh, your heart is as black as night
Ah-ah oh",/lyric/17746824/Melody+Gardot/Your+Heart+Is+as+Black+as+Night+%5B%2A%5D,"['Jazz', 'Vocal']",2:43,"['bittersweet', 'melancholy', 'sentimental', 'plaintive', 'romantic', 'warm', 'poignant', 'sensual']",Your Heart Is as Black as Night,https://www.allmusic.com/song/your-heart-is-as-black-as-night-mt0010044500
31,Melody Gardot,warm,My One and Only Thrill,/album/my-one-and-only-thrill-mw0000811208,"I don't need anything more than I got 
I'll make it simple when others may not 

Whenever you need some company 
Some love of a different kind 
Come to your lover, undercover 
And let me ease your mind 

Whenever your heart beats heavy 
And worry has got you down 
Come to your lover, undercover 
And I will turn your mood around 

Why you wanna leave when it's so easy just to stay? 
Lying wrapped up in my arms, until the break of day 
Undercover 

Why you wanna leave when it's so easy just to stay? 
Lying wrapped up in my arms, until the break of day, so

Whenever you need a soft touch 
Know my demands are small 
Make me a lover, undercover 
Or don't ever love me at all",/lyric/18597449/Melody+Gardot/Lover+Undercover,"['Jazz', 'Vocal']",4:26,"['bittersweet', 'melancholy', 'sentimental', 'plaintive', 'romantic', 'warm', 'poignant', 'sensual']",Lover Undercover,https://www.allmusic.com/song/lover-undercover-mt0010044501
32,Melody Gardot,warm,My One and Only Thrill,/album/my-one-and-only-thrill-mw0000811208,"Deep within your heart, you know it's plain to see
Like Adam was to Eve, you were made for me
They say the poisoned vine breeds a finer wine
Our love is easy

If you ask me plainly I would gladLy say
I'd like to have you round just for them rainy days
I like the touch of your hand, the way you make no demands
Our love is easy

Oh our love is easy
Like water rushing over stone
Oh, our love is easy, like no love I've ever known

Physically speaking we were made to last
Examine all the pieces of our recent past
There's your mouth of tears
Your hands around my waist
Our love is easy

Every time we meet it's like the first we kiss
Never growing tired of this endlessness
It's a simple thing, we don't need a ring
Our love is easy

Our love is easy
Like water rushing over stone
Oh, our love is easy, like no love I've ever known, oh oh oh

Our love is easy
Like water rushing over stone
Oh, our love is easy, like no love I've ever known

Deep within your heart, you know it's plain to see
Like Adam was to Eve, you were made for me
They say the poisoned vine breeds a finer wine",/lyric/34710301/Melody+Gardot/Our+Love+Is+Easy,"['Jazz', 'Vocal']",5:29,"['sentimental', 'plaintive', 'romantic', 'warm', 'poignant', 'sensual', 'smooth', 'delicate']",Our Love Is Easy,https://www.allmusic.com/song/our-love-is-easy-mt0010044502
33,Melody Gardot,warm,My One and Only Thrill,/album/my-one-and-only-thrill-mw0000811208,"Somewhere over the rainbow, way up high
There's a land that I heard of, once in a lullaby
Somewhere over the rainbow, skies are blue
And the dreams that you dare to dream
Really do come true

Someday I'll wish upon a star
And wake up where the clouds are far behind me
Where troubles melt like lemon drops
Away above the chimney tops
That's where you'll find me

Somewhere over the rainbow, bluebirds fly
Birds fly over the rainbow, why then, oh, why can't I?

If happy little bluebirds fly beyond the rainbow
Why, oh, why can't I?",/lyric/16447657/Melody+Gardot/Over+the+Rainbow,"['Jazz', 'Vocal']",4:34,"['bittersweet', 'melancholy', 'sentimental', 'plaintive', 'romantic', 'warm', 'poignant', 'sensual']",Over the Rainbow,https://www.allmusic.com/song/over-the-rainbow-mt0010044484
34,Norah Jones,warm,The Fall,/album/the-fall-mw0001373796,"Something about the way he touched me.
Was so slow, the way he put his arms around me.
Even though I'm feeling lonely,
I'm, I'm feeling lonely.

Don't understand the words he said,
Made me do wrong.
But now there's nothing that's in my head
And though it's strong, I wish he'd leave me alone,
I wish he'd leave me

'Cause I know, trouble will follow
But I have to go
I have to go

'Cause I know, trouble will follow
But I have to go
But I have to go

He makes me think that I don't know me
So I'll show him what I remember all the things he showed me
And I want more,
I'm feeling lonely
Oh, I'm feeling lonely",/lyric/17661436/Norah+Jones/Even+Though,['Pop/Rock'],3:52,"['laid-back/mellow', 'melancholy', 'reflective', 'bittersweet', 'gentle', 'warm', 'yearning', 'delicate']",Even Though,https://www.allmusic.com/song/even-though-mt0035422408
35,Norah Jones,warm,The Fall,/album/the-fall-mw0001373796,"If I touched myself
The way you touched me
If I could hold myself
The way you held me

[Chorus]
Then I wouldn't need you
I wouldn't need you
No, I wouldn't need you
To love me

If I could replace
The things you gave me
If I could see my face
Without the tragedy

[Chorus]

But I do
So come back
Come back

If you could see the way I act
When I'm alone
If you could hear my voice crack
Over the phone

Oh and I need you
Oh and I need you 
To love me",/lyric/17661439/Norah+Jones/I+Wouldn%27t+Need+You,['Pop/Rock'],3:30,"['laid-back/mellow', 'melancholy', 'reflective', 'soft/quiet', 'soothing', 'gentle', 'warm', 'bittersweet']",I Wouldn't Need You,https://www.allmusic.com/song/i-wouldnt-need-you-mt0035422411
36,Norah Jones,warm,The Fall,/album/the-fall-mw0001373796,"If all we talk about is money
Nothing will be funny, honey
And now that everyone's a critic
It's makin' my mascara runny
If we only talk about the ""Heathers""
Making it together, is crazy
If we don't get a new situation
For our busted nation, we're lazy

But it's gonna be
It's gonna be
Please make it be
It's gonna be

Now if a princess becomes human
Don't stone her on a talk show, you'll ruin
Cause there's a fine line between a skewer
And a decent sense of humor
Aim at the ones who've really hurt us
They should be arrested for murders
But then all the cameras were turned on
Some skinny naked blond eating burgers

But it's gonna be
It's gonna be
It's gonna be
It's gonna be

It's gonna be
It's gonna be
Please make it be
Let's make it be

It's gonna be
It's gonna be
It's gonna be
Be, be, be, be",/lyric/17661441/Norah+Jones/It%27s+Gonna+Be,['Pop/Rock'],3:11,"['laid-back/mellow', 'reflective', 'warm', 'bittersweet', 'gentle', 'yearning', 'intimate', 'melancholy']",It's Gonna Be,https://www.allmusic.com/song/its-gonna-be-mt0035422413
37,The Beach Boys,warm,Surfin' U.S.A.,/album/surfin-usa-mw0001955277,"The lonely sea
The lonely sea
It never stops
For you or me
It moves along
From day to day

That's why my love
That's why my love 
You'll never stay 
You'll never stay 

This pain in my heart 
These tears in my eyes 
Please tell the truth 
You're like the lonely sea (sea)
Sea (sea)
The lonely sea (sea)

[Repeat: x3]
(Lonely sea lonely sea)
(Lonely sea lonely sea)
Lonely sea",/lyric/612826/The+Beach+Boys/Lonely+Sea,['Pop/Rock'],2:23,"['delicate', 'summery', 'gentle', 'warm', 'innocent', 'soft/quiet', 'yearning', 'intimate']",Lonely Sea,https://www.allmusic.com/song/lonely-sea-mt0045331776
38,The Beach Boys,warm,Sounds of Summer: The Very…,/album/sounds-of-summer-the-very-best-of-the-beach-boys-mw0000032970,"Well East coast girls are hip
I really dig those styles they wear
And the Southern girls with the way they talk
They knock me out when I'm down there

The Mid-West farmer's daughters really make you feel alright
And the Northern girls with the way they kiss
They keep their boyfriends warm at night

I wish they all could be California girls
I wish they all could be California
I wish they all could be California girls

The West coast has the sunshine
And the girls all get so tanned
I dig a french bikini on Hawaiin island dolls 
By a palm tree in the sand

I been all around this great big world
And I seen all kinds of girls
Yeah, but I couldn't wait to get back in the States
Back to the cutest girls in the world

I wish they all could be California girls
I wish they all could be California
I wish they all could be California girls

I wish they all could be California girls
I wish they all could be California girls
I wish they all could be California girls
I wish they all could be California girls
I wish they all could be California girls
I wish they all could be California girls
I wish they all could be California girls",/lyric/35436776/The+Beach+Boys/California+Girls+%5BStereo%5D,['Pop/Rock'],2:46,"['summery', 'warm', 'effervescent', 'exuberant', 'rousing', 'sweet', 'boisterous', 'cheerful']",California Girls,https://www.allmusic.com/song/california-girls-mt0005983671
39,The Beach Boys,warm,Sounds of Summer: The Very…,/album/sounds-of-summer-the-very-best-of-the-beach-boys-mw0000032970,"Well since she put me down I've been out doin' in my head
I come in late at night and in the mornin' I just lay in bed

Well, Rhonda you look so fine (look so fine)
And I know it wouldn't take much time
For you to help me Rhonda
Help me get her out of my heart

Help me Rhonda
Help, help me Rhonda
Help me Rhonda
Help, help me Rhonda
Help me Rhonda
Help, help me Rhonda
Help me Rhonda
Help, help me Rhonda
Help me Rhonda
Help, help me Rhonda
Help me Rhonda
Help, help me Rhonda
Help me Rhonda yeah
Get her out of my heart

She was gonna be my wife
And I was gonna be her man
(Oh Rhonda)
But she let another guy come between us
And it shattered our plans
(Oh Rhonda)

Well, Rhonda you caught my eye (caught my eye)
And I can give you lotsa reasons why
You gotta help me Rhonda
Help me get her out of my heart

Help me Rhonda
Help, help me Rhonda
Help me Rhonda
Help, help me Rhonda
Help me Rhonda
Help, help me Rhonda
Help me Rhonda
Help, help me Rhonda
Help me Rhonda
Help, help me Rhonda
Help me Rhonda
Help, help me Rhonda
Help me Rhonda yeah
Get her out of my heart

Help me Rhonda
Help, help me Rhonda
Help me Rhonda
Help, help me Rhonda
Help me Rhonda
Help, help me Rhonda
Help me Rhonda
Help, help me Rhonda
Help me Rhonda
Help, help me Rhonda
Help me Rhonda
Help, help me Rhonda
Help me Rhonda yeah
Get her out of my heart",/lyric/297693/The+Beach+Boys/Help+Me%2C+Rhonda,['Pop/Rock'],2:47,"['plaintive', 'warm', 'earnest', 'fun', 'sentimental', 'yearning', 'bittersweet', 'cathartic']","Help Me, Rhonda",https://www.allmusic.com/song/help-me-rhonda-mt0005831400
40,The Beach Boys,warm,Sounds of Summer: The Very…,/album/sounds-of-summer-the-very-best-of-the-beach-boys-mw0000032970,"When some loud braggart tries to put me down
And says his school is great
I tell him right away
""Now what's the matter buddy
Ain't you heard of my school
It's number one in the state""
(Hey hey take it away, get that ball and fight)

So be true to your school
(Rah rah rah rah sis boom bah)
Just like you would to your girl or guy
(Rah rah rah rah sis boom bah)
Be true to your school now
(Rah rah rah rah sis boom bah)
Let your colors fly
(Rah rah rah rah sis boom bah)
Be true to your school
(Rah rah rah rah rah)

I got a letterman's sweater
With a letter in front
I got for football and track
I'm proud to where it now
When I cruise around
The other parts of the town
I got my decal in back

So be true to your school
(Rah rah rah rah sis boom bah)
Just like you would to your girl or guy
(Rah rah rah rah sis boom bah)
Be true to your school now
(Rah rah rah rah sis boom bah)
Let your colors fly
(Rah rah rah rah sis boom bah)
Be true to your school
(Do it again, do it again, we like it, we like it)

(Rah rah rah rah rah)
Come Friday we'll be jacked up on the football game
And I'll be ready to fight
We're gonna smash 'em now
My girl will be working on her pom-poms now
And she'll be yelling tonight

So be true to your school
(Rah rah rah rah sis boom bah)
Just like you would to your girl or guy
(Rah rah rah rah sis boom bah)
Be true to your school now
(Rah rah rah rah sis boom bah)
Let your colors fly
(Rah rah rah rah sis boom bah)
Be true to your school
(Push 'em back, push 'em back, way back)

(Rah rah rah rah sis boom bah) (let your colors)
(Rah rah rah rah sis boom bah) (let your)
(Rah rah rah rah sis boom bah) (let)",/lyric/21600/The+Beach+Boys/Be+True+to+Your+School,['Pop/Rock'],2:10,"['celebratory', 'earnest', 'rousing', 'confident', 'energetic', 'lively', 'warm', 'boisterous']",Be True to Your School,https://www.allmusic.com/song/be-true-to-your-school-mt0005825711
41,The Beach Boys,warm,Sounds of Summer: The Very…,/album/sounds-of-summer-the-very-best-of-the-beach-boys-mw0000032970,"Wouldn't it be nice if we were older
Then we wouldn't have to wait so long?
And wouldn't it be nice to live together
In the kind of world where we belong?

You know it's gonna make it that much better
When we can say goodnight and stay together

Wouldn't it be nice if we could wake up
In the morning when the day is new?
And after having spent the day together
Hold each other close the whole night through?

Happy times together we've been spending
I wish that every kiss was never ending
Oh, wouldn't it be nice?

Maybe if we think and wish and hope and pray
It might come true (run run ooo)
Baby, then there wouldn't be a single thing we couldn't do
We could be married (we could be married)
And then we'd be happy (and then we'd be happy)
Oh, wouldn't it be nice?

You know it seems the more we talk about it
It only makes it worse to live without it
But let's talk about it
Oh, wouldn't it be nice?

Good night, oh baby
Sleep tight, oh baby
Good night, oh baby
Sleep tight, oh baby",/lyric/382379/The+Beach+Boys/Wouldn%27t+It+Be+Nice,['Pop/Rock'],2:33,"['joyous', 'springlike', 'warm', 'amiable/good-natured', 'bright', 'cheerful', 'confident', 'delicate']",Wouldn't It Be Nice,https://www.allmusic.com/song/wouldnt-it-be-nice-mt0005702422
42,The Beach Boys,warm,Summer Days (And Summer…,/album/summer-days-and-summer-nights%21%21-mw0000116156,"Well since she put me down I've been out doin' in my head
I come in late at night and in the mornin' I just lay in bed

Well, Rhonda you look so fine (look so fine)
And I know it wouldn't take much time
For you to help me Rhonda
Help me get her out of my heart

Help me Rhonda
Help, help me Rhonda
Help me Rhonda
Help, help me Rhonda
Help me Rhonda
Help, help me Rhonda
Help me Rhonda
Help, help me Rhonda
Help me Rhonda
Help, help me Rhonda
Help me Rhonda
Help, help me Rhonda
Help me Rhonda yeah
Get her out of my heart

She was gonna be my wife
And I was gonna be her man
(Oh Rhonda)
But she let another guy come between us
And it shattered our plans
(Oh Rhonda)

Well, Rhonda you caught my eye (caught my eye)
And I can give you lotsa reasons why
You gotta help me Rhonda
Help me get her out of my heart

Help me Rhonda
Help, help me Rhonda
Help me Rhonda
Help, help me Rhonda
Help me Rhonda
Help, help me Rhonda
Help me Rhonda
Help, help me Rhonda
Help me Rhonda
Help, help me Rhonda
Help me Rhonda
Help, help me Rhonda
Help me Rhonda yeah
Get her out of my heart

Help me Rhonda
Help, help me Rhonda
Help me Rhonda
Help, help me Rhonda
Help me Rhonda
Help, help me Rhonda
Help me Rhonda
Help, help me Rhonda
Help me Rhonda
Help, help me Rhonda
Help me Rhonda
Help, help me Rhonda
Help me Rhonda yeah
Get her out of my heart",/lyric/297693/The+Beach+Boys/Help+Me%2C+Rhonda,['Pop/Rock'],2:48,"['plaintive', 'warm', 'earnest', 'fun', 'sentimental', 'yearning', 'bittersweet', 'cathartic']","Help Me, Rhonda",https://www.allmusic.com/song/help-me-rhonda-mt0045331695
43,The Beach Boys,warm,Summer Days (And Summer…,/album/summer-days-and-summer-nights%21%21-mw0000116156,"Well East coast girls are hip
I really dig those styles they wear
And the Southern girls with the way they talk
They knock me out when I'm down there

The Mid-West farmer's daughters really make you feel alright
And the Northern girls with the way they kiss
They keep their boyfriends warm at night

I wish they all could be California girls
I wish they all could be California
I wish they all could be California girls

The West coast has the sunshine
And the girls all get so tanned
I dig a french bikini on Hawaiin island dolls 
By a palm tree in the sand

I been all around this great big world
And I seen all kinds of girls
Yeah, but I couldn't wait to get back in the States
Back to the cutest girls in the world

I wish they all could be California girls
I wish they all could be California
I wish they all could be California girls

I wish they all could be California girls
I wish they all could be California girls
I wish they all could be California girls
I wish they all could be California girls
I wish they all could be California girls
I wish they all could be California girls
I wish they all could be California girls",/lyric/35436776/The+Beach+Boys/California+Girls+%5BStereo%5D,['Pop/Rock'],2:40,"['summery', 'warm', 'effervescent', 'exuberant', 'rousing', 'sweet', 'boisterous', 'cheerful']",California Girls,https://www.allmusic.com/song/california-girls-mt0045331696
44,The Beach Boys,warm,Summer Days (And Summer…,/album/summer-days-and-summer-nights%21%21-mw0000116156,"You're so sleepy
Wish that he could stay
Love him so
But now it's getting late
He'll be waiting
Waiting just for you
One more summer
And your dream comes true",/lyric/905236/The+Beach+Boys/And+Your+Dream+Comes+True,['Pop/Rock'],1:09,"['delicate', 'gentle', 'soothing', 'precious', 'refined', 'sweet', 'warm', 'calm/peaceful']",And Your Dream Comes True,https://www.allmusic.com/song/and-your-dream-comes-true-mt0045331701
45,The Beach Boys,warm,Summer Days (And Summer…,/album/summer-days-and-summer-nights%21%21-mw0000116156,"Well East coast girls are hip
I really dig those styles they wear
And the Southern girls with the way they talk
They knock me out when I'm down there

The Mid-West farmer's daughters really make you feel alright
And the Northern girls with the way they kiss
They keep their boyfriends warm at night

I wish they all could be California girls
I wish they all could be California
I wish they all could be California girls

The West coast has the sunshine
And the girls all get so tanned
I dig a french bikini on Hawaiin island dolls 
By a palm tree in the sand

I been all around this great big world
And I seen all kinds of girls
Yeah, but I couldn't wait to get back in the States
Back to the cutest girls in the world

I wish they all could be California girls
I wish they all could be California
I wish they all could be California girls

I wish they all could be California girls
I wish they all could be California girls
I wish they all could be California girls
I wish they all could be California girls
I wish they all could be California girls
I wish they all could be California girls
I wish they all could be California girls",/lyric/35436776/The+Beach+Boys/California+Girls+%5BStereo%5D,['Pop/Rock'],2:47,"['summery', 'warm', 'effervescent', 'exuberant', 'rousing', 'sweet', 'boisterous', 'cheerful']",California Girls [Stereo],https://www.allmusic.com/song/california-girls-stereo-mt0045572499
46,John Lennon,warm,Imagine,/album/imagine-mw0000198860,"I was dreaming of the past
And my heart was beating fast
I began to lose control
I began to lose control
I didn't mean to hurt you
I'm sorry that I made you cry
Oh my I didn't want to hurt you
I'm just a jealous guy

I was feeling insecure
You might not love me anymore
I was shivering inside
I was shivering inside
Oh I didn't mean to hurt you
I'm sorry that I made you cry
Oh my I didn't want to hurt you
I'm just a jealous guy

I didn't mean to hurt you
I'm sorry that I made you cry
Oh my I didn't want to hurt you
I'm just a jealous guy

I was trying to catch your eyes
Thought that you was trying to hide
I was swallowing my pain
I was swallowing my pain
I didn't mean to hurt you
I'm sorry that I made you cry
Oh no I didn't want to hurt you
I'm just a jealous guy
Watch out baby I'm just a jealous guy
Look out baby I'm just a jealous guy",/lyric/3403162/John+Lennon/Jealous+Guy,['Pop/Rock'],4:14,"['warm', 'weary', 'acerbic', 'bitter', 'cathartic', 'passionate', 'poignant', 'reflective']",Jealous Guy,https://www.allmusic.com/song/jealous-guy-mt0010987916
